{
  "K_values": [
    10,
    20,
    50
  ],
  "sigma_values": [
    0.25,
    0.3,
    0.4,
    0.5,
    0.6,
    0.7,
    0.75
  ],
  "N": 2000,
  "idos_on_line": [
    0.03550858997665128,
    0.08164048144098421,
    0.0924786005630529
  ],
  "idos_off_line": [
    0.041539448580125427,
    0.0913876735649731,
    0.11143273877167771
  ],
  "contrast_ratio": [
    0.8548161131257863,
    0.8933423760146492,
    0.8299051210841972
  ]
}