{
  "GUE_Ensemble": {
    "n": 10,
    "spectral_sums": [
      15.175190094713116,
      14.953314975489896,
      14.992068425789158,
      14.751731286297268,
      15.33093779157715,
      15.011237805250863,
      14.963660034181908,
      14.708476913671573,
      14.689152299956449,
      15.12327599623199
    ],
    "edge_counts": [
      2717,
      2738,
      2742,
      2729,
      2735,
      2719,
      2716,
      2743,
      2712,
      2737
    ],
    "mean_S": 14.969904562315937,
    "std_S": 0.198315316651665,
    "mean_edges": 2728.8,
    "CI_95": [
      14.693500338042352,
      15.295894559782742
    ]
  },
  "EdgeAnalysis": {
    "Zeta": {
      "edges": 2492,
      "S": 11.784062864222026,
      "S_per_E": 0.004728757168628421
    },
    "EvenSpaced": {
      "edges": 2994,
      "S": 12.713269802114786,
      "S_per_E": 0.004246249098902734
    },
    "ProperGUE": {
      "edges": 2717,
      "S": 15.175190094713146,
      "S_per_E": 0.005585274234344183
    },
    "WignerGUE": {
      "edges": 2765,
      "S": 15.003758922371725,
      "S_per_E": 0.00542631425763896
    },
    "Random": {
      "edges": 2963,
      "S": 22.08747013738423,
      "S_per_E": 0.0074544279910172895
    }
  },
  "test2_verdict": "SIGNIFICANT"
}