{
  "Zeta": {
    "0.440_3.0": {
      "sigma": 0.44,
      "epsilon": 3.0,
      "spectral_sum": 11.796721259897463,
      "kernel_dim": 0,
      "eigs_top5": [
        0.002044599731146235,
        0.011796642143094616,
        0.02996477606528103,
        0.05719117357897652,
        0.09316072234384265
      ],
      "time_s": 167.69128394126892
    },
    "0.480_3.0": {
      "sigma": 0.48,
      "epsilon": 3.0,
      "spectral_sum": 11.787438244823225,
      "kernel_dim": 0,
      "eigs_top5": [
        0.002049809393552593,
        0.011845536075073326,
        0.030044783132685993,
        0.05712776383014706,
        0.09312617975337112
      ],
      "time_s": 166.9459571838379
    },
    "0.500_3.0": {
      "sigma": 0.5,
      "epsilon": 3.0,
      "spectral_sum": 11.784062864222046,
      "kernel_dim": 0,
      "eigs_top5": [
        0.0020501735810594113,
        0.011862533329439984,
        0.03008647238883988,
        0.05710756327626321,
        0.09308698031204266
      ],
      "time_s": 166.41907620429993
    },
    "0.520_3.0": {
      "sigma": 0.52,
      "epsilon": 3.0,
      "spectral_sum": 11.780064993444663,
      "kernel_dim": 0,
      "eigs_top5": [
        0.002048885645020704,
        0.011872898293429301,
        0.030120832614887405,
        0.057086014121777495,
        0.09303378672179896
      ],
      "time_s": 166.27099800109863
    },
    "0.560_3.0": {
      "sigma": 0.56,
      "epsilon": 3.0,
      "spectral_sum": 11.773014035524573,
      "kernel_dim": 0,
      "eigs_top5": [
        0.0020406829127335158,
        0.011865791645512047,
        0.030152817152472977,
        0.05704971562844108,
        0.09301038219638968
      ],
      "time_s": 166.7154779434204
    }
  },
  "GUE": {
    "0.440_3.0": {
      "sigma": 0.44,
      "epsilon": 3.0,
      "spectral_sum": 15.00090186501943,
      "kernel_dim": 0,
      "eigs_top5": [
        0.0025869115200194415,
        0.014685589331246973,
        0.037624746813566645,
        0.07229916022374461,
        0.11862169647269738
      ],
      "time_s": 183.58375787734985
    },
    "0.480_3.0": {
      "sigma": 0.48,
      "epsilon": 3.0,
      "spectral_sum": 15.005810281079066,
      "kernel_dim": 0,
      "eigs_top5": [
        0.0025983553669917114,
        0.014762699511825517,
        0.03779275895715273,
        0.0722042363502986,
        0.11870003400867546
      ],
      "time_s": 183.34849619865417
    },
    "0.500_3.0": {
      "sigma": 0.5,
      "epsilon": 3.0,
      "spectral_sum": 15.003758922371729,
      "kernel_dim": 0,
      "eigs_top5": [
        0.0025988006912562867,
        0.014779158862292974,
        0.037857928602541335,
        0.07217251002881575,
        0.11869822685422271
      ],
      "time_s": 183.11337876319885
    },
    "0.520_3.0": {
      "sigma": 0.52,
      "epsilon": 3.0,
      "spectral_sum": 14.996843731703239,
      "kernel_dim": 0,
      "eigs_top5": [
        0.0025955936083423836,
        0.014779625281928332,
        0.037902838893245416,
        0.07215362880978304,
        0.11865559815467819
      ],
      "time_s": 183.0010702610016
    },
    "0.560_3.0": {
      "sigma": 0.56,
      "epsilon": 3.0,
      "spectral_sum": 14.966910335155967,
      "kernel_dim": 0,
      "eigs_top5": [
        0.002578122155515672,
        0.01472651696336058,
        0.03789303001515698,
        0.07205719775010344,
        0.11847413060970169
      ],
      "time_s": 183.09727501869202
    }
  }
}