{
  "EvenSpaced": {
    "0.250_3.0": {
      "sigma": 0.25,
      "epsilon": 3.0,
      "spectral_sum": 13.329410068519964,
      "kernel_dim": 0,
      "eigs_top5": [
        0.00216580423960977,
        0.012738810169864223,
        0.033435122532898376,
        0.06464118479469505,
        0.10603741304809944
      ],
      "time_s": 206.56328582763672
    },
    "0.350_3.0": {
      "sigma": 0.35,
      "epsilon": 3.0,
      "spectral_sum": 12.748493642630692,
      "kernel_dim": 0,
      "eigs_top5": [
        0.0022001921797460966,
        0.012612462342623587,
        0.03221075644708904,
        0.06184350143005268,
        0.1013470014481026
      ],
      "time_s": 207.1457347869873
    },
    "0.400_3.0": {
      "sigma": 0.4,
      "epsilon": 3.0,
      "spectral_sum": 12.699250730720058,
      "kernel_dim": 0,
      "eigs_top5": [
        0.002216841727179286,
        0.012759666676931403,
        0.032233083231828275,
        0.06166976361229004,
        0.10092423055671418
      ],
      "time_s": 210.49706482887268
    },
    "0.440_3.0": {
      "sigma": 0.44,
      "epsilon": 3.0,
      "spectral_sum": 12.710843434060385,
      "kernel_dim": 0,
      "eigs_top5": [
        0.002230662849518339,
        0.012887831922814286,
        0.03237542783190506,
        0.06178680702024053,
        0.10097151468569798
      ],
      "time_s": 198.83698439598083
    },
    "0.480_3.0": {
      "sigma": 0.48,
      "epsilon": 3.0,
      "spectral_sum": 12.715481570685837,
      "kernel_dim": 0,
      "eigs_top5": [
        0.0022382663349489462,
        0.012977930368485602,
        0.032415439429513526,
        0.06195166128254925,
        0.10102751131161547
      ],
      "time_s": 202.63934063911438
    },
    "0.500_3.0": {
      "sigma": 0.5,
      "epsilon": 3.0,
      "spectral_sum": 12.713269802114768,
      "kernel_dim": 0,
      "eigs_top5": [
        0.0022387426459538062,
        0.013001817729268339,
        0.0323827164807291,
        0.06202455033269594,
        0.10103651053910312
      ],
      "time_s": 201.8863582611084
    },
    "0.520_3.0": {
      "sigma": 0.52,
      "epsilon": 3.0,
      "spectral_sum": 12.707323282655679,
      "kernel_dim": 0,
      "eigs_top5": [
        0.0022372127012175724,
        0.013013530721616817,
        0.03233050278757865,
        0.06208599269086612,
        0.10103591462531902
      ],
      "time_s": 201.12600779533386
    },
    "0.560_3.0": {
      "sigma": 0.56,
      "epsilon": 3.0,
      "spectral_sum": 12.685006551328007,
      "kernel_dim": 0,
      "eigs_top5": [
        0.0022274346409680845,
        0.012999854664567323,
        0.03219067052939195,
        0.06208025563404718,
        0.10077257317691313
      ],
      "time_s": 199.1640923023224
    },
    "0.600_3.0": {
      "sigma": 0.6,
      "epsilon": 3.0,
      "spectral_sum": 12.651110826731955,
      "kernel_dim": 0,
      "eigs_top5": [
        0.0022080102340584773,
        0.012936323901394431,
        0.03203955106865486,
        0.06197337241306755,
        0.1004774158548738
      ],
      "time_s": 210.61198091506958
    },
    "0.650_3.0": {
      "sigma": 0.65,
      "epsilon": 3.0,
      "spectral_sum": 12.660471906930763,
      "kernel_dim": 0,
      "eigs_top5": [
        0.002177879304642971,
        0.012821768981254422,
        0.031992473609703254,
        0.06200560231233787,
        0.10075726628755532
      ],
      "time_s": 207.77064085006714
    },
    "0.750_3.0": {
      "sigma": 0.75,
      "epsilon": 3.0,
      "spectral_sum": 13.191064431526842,
      "kernel_dim": 0,
      "eigs_top5": [
        0.0021520016933056496,
        0.012827992857207704,
        0.03319696367207747,
        0.06430441800827502,
        0.1050716413526871
      ],
      "time_s": 207.46835589408875
    }
  },
  "GUE_Ensemble": {
    "n_realizations": 10,
    "sigma": 0.5,
    "spectral_sums": [
      12.713269802114759,
      12.713269802114787,
      12.71326980211477,
      12.71326980211479,
      12.713269802114795,
      12.713269802114771,
      12.713269802114775,
      12.713269802114759,
      12.7132698021148,
      12.71326980211479
    ],
    "mean": 12.71326980211478,
    "std": 1.3862413805388961e-14,
    "min": 12.713269802114759,
    "max": 12.7132698021148,
    "CI_95": [
      12.713269802114759,
      12.713269802114798
    ]
  },
  "EdgeCount": {
    "edge_counts": {
      "Zeta": 2492,
      "EvenSpaced": 2994,
      "Random": 2963,
      "WignerGUE": 2765,
      "ProperGUE": 2994
    },
    "spectral_sums_at_sigma_0.5": {
      "Zeta": 11.784062864222056,
      "EvenSpaced": 12.713269802114768,
      "Random": 22.08747013738428,
      "WignerGUE": 15.003758922371711,
      "ProperGUE": 12.713269802114755
    },
    "epsilon": 3.0
  },
  "test1_verdict": "SURVIVED",
  "test1_premium_vs_even": 7.308952115215872,
  "test2_verdict": "SIGNIFICANT",
  "test3_verdict": "NOT_PROPORTIONAL",
  "test3_s_over_e": {
    "Zeta": 0.004728757168628433,
    "EvenSpaced": 0.004246249098902728,
    "Random": 0.007454427991017307,
    "WignerGUE": 0.005426314257638955,
    "ProperGUE": 0.004246249098902724
  }
}