{
  "Zeta": {
    "0.440_3.0": {
      "sigma": 0.44,
      "epsilon": 3.0,
      "spectral_sum": 11.796721259897463,
      "kernel_dim": 0,
      "eigs_top5": [
        0.002044599731146235,
        0.011796642143094616,
        0.02996477606528103,
        0.05719117357897652,
        0.09316072234384265
      ],
      "time_s": 167.69128394126892
    },
    "0.480_3.0": {
      "sigma": 0.48,
      "epsilon": 3.0,
      "spectral_sum": 11.787438244823225,
      "kernel_dim": 0,
      "eigs_top5": [
        0.002049809393552593,
        0.011845536075073326,
        0.030044783132685993,
        0.05712776383014706,
        0.09312617975337112
      ],
      "time_s": 166.9459571838379
    },
    "0.500_3.0": {
      "sigma": 0.5,
      "epsilon": 3.0,
      "spectral_sum": 11.784062864222046,
      "kernel_dim": 0,
      "eigs_top5": [
        0.0020501735810594113,
        0.011862533329439984,
        0.03008647238883988,
        0.05710756327626321,
        0.09308698031204266
      ],
      "time_s": 166.41907620429993
    },
    "0.520_3.0": {
      "sigma": 0.52,
      "epsilon": 3.0,
      "spectral_sum": 11.780064993444663,
      "kernel_dim": 0,
      "eigs_top5": [
        0.002048885645020704,
        0.011872898293429301,
        0.030120832614887405,
        0.057086014121777495,
        0.09303378672179896
      ],
      "time_s": 166.27099800109863
    },
    "0.560_3.0": {
      "sigma": 0.56,
      "epsilon": 3.0,
      "spectral_sum": 11.773014035524573,
      "kernel_dim": 0,
      "eigs_top5": [
        0.0020406829127335158,
        0.011865791645512047,
        0.030152817152472977,
        0.05704971562844108,
        0.09301038219638968
      ],
      "time_s": 166.7154779434204
    },
    "0.250_3.0": {
      "sigma": 0.25,
      "epsilon": 3.0,
      "spectral_sum": 12.030836519046028,
      "kernel_dim": 0,
      "eigs_top5": [
        0.0018943461329357092,
        0.011458167790424412,
        0.030108248800715387,
        0.05839678073901311,
        0.09455162479668822
      ],
      "time_s": 171.20941257476807
    },
    "0.350_3.0": {
      "sigma": 0.35,
      "epsilon": 3.0,
      "spectral_sum": 11.863279145874383,
      "kernel_dim": 0,
      "eigs_top5": [
        0.002005807453729247,
        0.011599088636844002,
        0.029908206043355534,
        0.05756405651454877,
        0.09348843966487586
      ],
      "time_s": 170.44261622428894
    },
    "0.400_3.0": {
      "sigma": 0.4,
      "epsilon": 3.0,
      "spectral_sum": 11.820632060695576,
      "kernel_dim": 0,
      "eigs_top5": [
        0.0020328721295559404,
        0.011724961581755622,
        0.029919440882331116,
        0.057323767657234015,
        0.09325303100121829
      ],
      "time_s": 169.08378744125366
    },
    "0.600_3.0": {
      "sigma": 0.6,
      "epsilon": 3.0,
      "spectral_sum": 11.772862603676549,
      "kernel_dim": 0,
      "eigs_top5": [
        0.0020250645888832963,
        0.011813777772273326,
        0.03016104120694152,
        0.057044145383391864,
        0.09301259337010492
      ],
      "time_s": 169.78637790679932
    },
    "0.650_3.0": {
      "sigma": 0.65,
      "epsilon": 3.0,
      "spectral_sum": 11.782478710314091,
      "kernel_dim": 0,
      "eigs_top5": [
        0.001994823701130244,
        0.01166620786924355,
        0.0301579073625593,
        0.05708016996537779,
        0.09300512949010553
      ],
      "time_s": 172.653892993927
    },
    "0.750_3.0": {
      "sigma": 0.75,
      "epsilon": 3.0,
      "spectral_sum": 11.884323193590397,
      "kernel_dim": 0,
      "eigs_top5": [
        0.001913006060199507,
        0.011370174877029626,
        0.030261629699619874,
        0.05759067829266229,
        0.0936683762479511
      ],
      "time_s": 169.87908792495728
    }
  },
  "GUE": {
    "0.440_3.0": {
      "sigma": 0.44,
      "epsilon": 3.0,
      "spectral_sum": 15.00090186501943,
      "kernel_dim": 0,
      "eigs_top5": [
        0.0025869115200194415,
        0.014685589331246973,
        0.037624746813566645,
        0.07229916022374461,
        0.11862169647269738
      ],
      "time_s": 183.58375787734985
    },
    "0.480_3.0": {
      "sigma": 0.48,
      "epsilon": 3.0,
      "spectral_sum": 15.005810281079066,
      "kernel_dim": 0,
      "eigs_top5": [
        0.0025983553669917114,
        0.014762699511825517,
        0.03779275895715273,
        0.0722042363502986,
        0.11870003400867546
      ],
      "time_s": 183.34849619865417
    },
    "0.500_3.0": {
      "sigma": 0.5,
      "epsilon": 3.0,
      "spectral_sum": 15.003758922371729,
      "kernel_dim": 0,
      "eigs_top5": [
        0.0025988006912562867,
        0.014779158862292974,
        0.037857928602541335,
        0.07217251002881575,
        0.11869822685422271
      ],
      "time_s": 183.11337876319885
    },
    "0.520_3.0": {
      "sigma": 0.52,
      "epsilon": 3.0,
      "spectral_sum": 14.996843731703239,
      "kernel_dim": 0,
      "eigs_top5": [
        0.0025955936083423836,
        0.014779625281928332,
        0.037902838893245416,
        0.07215362880978304,
        0.11865559815467819
      ],
      "time_s": 183.0010702610016
    },
    "0.560_3.0": {
      "sigma": 0.56,
      "epsilon": 3.0,
      "spectral_sum": 14.966910335155967,
      "kernel_dim": 0,
      "eigs_top5": [
        0.002578122155515672,
        0.01472651696336058,
        0.03789303001515698,
        0.07205719775010344,
        0.11847413060970169
      ],
      "time_s": 183.09727501869202
    },
    "0.250_3.0": {
      "sigma": 0.25,
      "epsilon": 3.0,
      "spectral_sum": 15.107502873458987,
      "kernel_dim": 0,
      "eigs_top5": [
        0.0023472000853583808,
        0.014141723156681607,
        0.037273680372074125,
        0.0726503544793431,
        0.11890868491167872
      ],
      "time_s": 185.8501079082489
    },
    "0.350_3.0": {
      "sigma": 0.35,
      "epsilon": 3.0,
      "spectral_sum": 15.016452450062472,
      "kernel_dim": 0,
      "eigs_top5": [
        0.0025189748419798264,
        0.014380713907655718,
        0.03733197694982415,
        0.07244491969657929,
        0.11854099707904098
      ],
      "time_s": 185.7202229499817
    },
    "0.400_3.0": {
      "sigma": 0.4,
      "epsilon": 3.0,
      "spectral_sum": 14.9746345772512,
      "kernel_dim": 0,
      "eigs_top5": [
        0.0025598870658374295,
        0.01454227064290059,
        0.037409538756923766,
        0.07227137815046447,
        0.11837048133974903
      ],
      "time_s": 185.44922065734863
    },
    "0.600_3.0": {
      "sigma": 0.6,
      "epsilon": 3.0,
      "spectral_sum": 14.940478917502958,
      "kernel_dim": 0,
      "eigs_top5": [
        0.0025502400534431757,
        0.014614990985085896,
        0.03780346840074067,
        0.07195823867053619,
        0.11836490819547052
      ],
      "time_s": 185.50978302955627
    },
    "0.650_3.0": {
      "sigma": 0.65,
      "epsilon": 3.0,
      "spectral_sum": 14.937829038190046,
      "kernel_dim": 0,
      "eigs_top5": [
        0.0025068193387074444,
        0.014414023196986037,
        0.03771461115724151,
        0.07201662999399794,
        0.11829257678613381
      ],
      "time_s": 185.52652049064636
    },
    "0.750_3.0": {
      "sigma": 0.75,
      "epsilon": 3.0,
      "spectral_sum": 14.953727323616825,
      "kernel_dim": 0,
      "eigs_top5": [
        0.0023788389669956445,
        0.014001103167560203,
        0.037468771196790485,
        0.07210097202671584,
        0.11806364855899432
      ],
      "time_s": 185.81865644454956
    }
  },
  "Random": {
    "0.250_3.0": {
      "sigma": 0.25,
      "epsilon": 3.0,
      "spectral_sum": 22.276319163394064,
      "kernel_dim": 0,
      "eigs_top5": [
        0.0008317554950565409,
        0.017416568693949586,
        0.05231108562808373,
        0.10665665899518828,
        0.16844802690804528
      ],
      "time_s": 201.83089923858643
    },