{
  "models": {
    "SmolLM2-360M": [
      0.0,
      0.6907885175265317,
      0.6783287249813383,
      0.7046760202027813,
      0.6399185883256743
    ],
    "Qwen2.5-0.5B": [
      0.0,
      0.627987252773227,
      0.625870200954229,
      0.6485372613110646,
      0.6044341910016757
    ],
    "TinyLlama-1.1B-Chat-v1.0": [
      0.0,
      0.5866851906689599,
      0.5717453081033983,
      0.544208009591124,
      0.5035092719676716
    ],
    "phi-1_5": [
      0.0,
      0.4597828055733331,
      0.43509360136473796,
      0.39380625799428953,
      0.3507863798956303
    ]
  },
  "correlations": {
    "SmolLM2-360M_vs_Qwen2.5-0.5B": 0.9995481641508627,
    "SmolLM2-360M_vs_TinyLlama-1.1B-Chat-v1.0": 0.9956589092602457,
    "SmolLM2-360M_vs_phi-1_5": 0.9830813453272189,
    "Qwen2.5-0.5B_vs_TinyLlama-1.1B-Chat-v1.0": 0.9936965394183926,
    "Qwen2.5-0.5B_vs_phi-1_5": 0.9786259822553454,
    "TinyLlama-1.1B-Chat-v1.0_vs_phi-1_5": 0.9953532160634396
  },
  "mean_r": 0.9909940260792509,
  "n_models": 4
}